{"train": 0.0029144226831104847, "test": 0.0002914422683110485}